{
	"version": 1,
	"changelists": [
		{
			"guid": "00000000000000000000000000000000",
			"description": "Default Uncontrolled Changelist",
			"files": [
				"D:/3d Projects/Unreal Engine/UE5/MHOnionFrames/Content/OnionFrames/MAT_Onion.uasset",
				"D:/3d Projects/Unreal Engine/UE5/MHOnionFrames/Content/OnionFrames/MI_Onion.uasset",
				"D:/3d Projects/Unreal Engine/UE5/MHOnionFrames/Content/OnionFrames/EUW_Onion.uasset",
				"D:/3d Projects/Unreal Engine/UE5/MHOnionFrames/Content/OnionSkinning/EUW_Onion.uasset",
				"D:/3d Projects/Unreal Engine/UE5/MHOnionFrames/Content/OnionSkinning/MI_Onion.uasset",
				"D:/3d Projects/Unreal Engine/UE5/MHOnionFrames/Content/OnionSkinning/MAT_Onion.uasset",
				"D:/3d Projects/Unreal Engine/UE5/MHOnionFrames/Content/OnionFrames/M_Onion.uasset"
			]
		}
	]
}